,model_name,fold,data_type,criterion,num_trees,run,with_title,f1_IAS,f1_SUA,f1_VA,f1_weighted,f1_macro,f1_micro,recall_IAS,recall_SUA,recall_VA,recall_weighted,recall_macro,recall_micro,precision_IAS,precision_SUA,precision_VA,precision_weighted,precision_macro,precision_micro,accuracy
0,Random Forest,0,MultiLabel,log_loss,100,0,False,0.6754176610978521,0.10996563573883161,0.1,0.35310128262348056,0.29512776561222787,0.4091778202676864,0.5329566854990584,0.058394160583941604,0.053268765133171914,0.26354679802955666,0.21487320373872398,0.26354679802955666,0.9218241042345277,0.9411764705882353,0.8148148148148148,0.889892833175886,0.8926051298791925,0.9145299145299145,0.8747249724972497
0,Random Forest,1,MultiLabel,log_loss,100,0,False,0.713302752293578,0.11604095563139932,0.0871559633027523,0.36611514726267586,0.3054998904092432,0.4334790755777639,0.5867924528301887,0.06204379562043796,0.04589371980676329,0.2848932676518883,0.2315766560857966,0.2848932676518883,0.9093567251461988,0.8947368421052632,0.8636363636363636,0.890527433177161,0.8892433102959418,0.9060052219321149,0.8766501650165016
0,Random Forest,2,MultiLabel,log_loss,100,0,False,0.6834532374100719,0.08873720136518772,0.10068649885583524,0.3515832672641341,0.29095897921036495,0.4092071611253197,0.5377358490566038,0.04744525547445255,0.05314009661835749,0.2627257799671593,0.21277373371647126,0.2627257799671593,0.9375,0.6842105263157895,0.9565217391304348,0.8869857834240774,0.8594107551487413,0.9248554913294798,0.8747249724972497
0,Random Forest,3,MultiLabel,log_loss,100,0,False,0.691415313225058,0.07017543859649122,0.07373271889400922,0.34222066640514587,0.27844115690518617,0.4098671726755218,0.5612052730696798,0.03663003663003663,0.03864734299516908,0.2660098522167488,0.2121608842316285,0.2660098522167488,0.9003021148036254,0.8333333333333334,0.8,0.8511990336294951,0.8445451493789863,0.8925619834710744,0.8738998899889989
0,Random Forest,4,MultiLabel,log_loss,100,0,False,0.7154471544715447,0.1232876712328767,0.0958904109589041,0.37213350033493586,0.3115417455544418,0.43620364550597107,0.5800376647834274,0.06593406593406594,0.050724637681159424,0.2848932676518883,0.23223212279955094,0.2848932676518883,0.9333333333333333,0.9473684210526315,0.875,0.9166515426497278,0.9185672514619884,0.9302949061662198,0.8787128712871287
0,Random Forest,0,MultiLabel,gini,100,0,False,0.7313266443701226,0.2077922077922078,0.18142548596112312,0.4270921500800852,0.37351477937448446,0.48201438848920863,0.6177024482109228,0.11678832116788321,0.1016949152542373,0.33004926108374383,0.2787285615443478,0.33004926108374383,0.8961748633879781,0.9411764705882353,0.84,0.8872505791462995,0.8924504446587377,0.8933333333333333,0.8839383938393839
0,Random Forest,1,MultiLabel,gini,100,0,False,0.7428571428571429,0.22929936305732485,0.14945054945054945,0.42562794635839096,0.3738690184550057,0.4860035735556879,0.6377358490566037,0.13138686131386862,0.0821256038647343,0.33497536945812806,0.2837494380784022,0.33497536945812806,0.8894736842105263,0.9,0.8292682926829268,0.8713777715946722,0.8729139922978177,0.8850325379609545,0.8831133113311331
0,Random Forest,2,MultiLabel,gini,100,0,False,0.7324263038548753,0.19808306709265175,0.16299559471365638,0.4186706712955043,0.3645016552203945,0.4742268041237113,0.6094339622641509,0.11313868613138686,0.0893719806763285,0.32101806239737274,0.2706482096906221,0.32101806239737274,0.9176136363636364,0.7948717948717948,0.925,0.8925123966072243,0.8791618104118104,0.9071925754060325,0.8825632563256326
0,Random Forest,3,MultiLabel,gini,100,0,False,0.7282850779510023,0.15946843853820597,0.1504424778761062,0.40438213953499214,0.3460653314551048,0.4663840096910963,0.615819209039548,0.08791208791208792,0.0821256038647343,0.3160919540229885,0.2619523002721234,0.3160919540229885,0.8910081743869209,0.8571428571428571,0.8947368421052632,0.8846850519138211,0.8809626245450137,0.8891454965357968,0.8813256325632564
0,Random Forest,4,MultiLabel,gini,100,0,False,0.7540983606557377,0.24126984126984127,0.13839285714285715,0.42987482679146655,0.37792035302281207,0.4934445768772348,0.6497175141242938,0.1391941391941392,0.0748792270531401,0.3399014778325123,0.28793029345719107,0.3399014778325123,0.8984375,0.9047619047619048,0.9117647058823529,0.9043849759731479,0.9049880368814192,0.9,0.8858635863586358
0,Random Forest,0,MultiLabel,entropy,100,0,False,0.6754176610978521,0.10996563573883161,0.1,0.35310128262348056,0.29512776561222787,0.4091778202676864,0.5329566854990584,0.058394160583941604,0.053268765133171914,0.26354679802955666,0.21487320373872398,0.26354679802955666,0.9218241042345277,0.9411764705882353,0.8148148148148148,0.889892833175886,0.8926051298791925,0.9145299145299145,0.8747249724972497
0,Random Forest,1,MultiLabel,entropy,100,0,False,0.713302752293578,0.11604095563139932,0.0871559633027523,0.36611514726267586,0.3054998904092432,0.4334790755777639,0.5867924528301887,0.06204379562043796,0.04589371980676329,0.2848932676518883,0.2315766560857966,0.2848932676518883,0.9093567251461988,0.8947368421052632,0.8636363636363636,0.890527433177161,0.8892433102959418,0.9060052219321149,0.8766501650165016
0,Random Forest,2,MultiLabel,entropy,100,0,False,0.6834532374100719,0.08873720136518772,0.10068649885583524,0.3515832672641341,0.29095897921036495,0.4092071611253197,0.5377358490566038,0.04744525547445255,0.05314009661835749,0.2627257799671593,0.21277373371647126,0.2627257799671593,0.9375,0.6842105263157895,0.9565217391304348,0.8869857834240774,0.8594107551487413,0.9248554913294798,0.8747249724972497
0,Random Forest,3,MultiLabel,entropy,100,0,False,0.691415313225058,0.07017543859649122,0.07373271889400922,0.34222066640514587,0.27844115690518617,0.4098671726755218,0.5612052730696798,0.03663003663003663,0.03864734299516908,0.2660098522167488,0.2121608842316285,0.2660098522167488,0.9003021148036254,0.8333333333333334,0.8,0.8511990336294951,0.8445451493789863,0.8925619834710744,0.8738998899889989
0,Random Forest,4,MultiLabel,entropy,100,0,False,0.7154471544715447,0.1232876712328767,0.0958904109589041,0.37213350033493586,0.3115417455544418,0.43620364550597107,0.5800376647834274,0.06593406593406594,0.050724637681159424,0.2848932676518883,0.23223212279955094,0.2848932676518883,0.9333333333333333,0.9473684210526315,0.875,0.9166515426497278,0.9185672514619884,0.9302949061662198,0.8787128712871287
0,Random Forest,0,MultiLabel,log_loss,200,0,False,0.6864608076009501,0.07692307692307693,0.08755760368663594,0.346263466531698,0.28364716273688767,0.4084507042253521,0.544256120527307,0.040145985401459854,0.04600484261501211,0.2619047619047619,0.210135649514593,0.2619047619047619,0.9292604501607717,0.9166666666666666,0.9047619047619048,0.9181203878232375,0.9168963405297811,0.9273255813953488,0.8748624862486248
0,Random Forest,1,MultiLabel,log_loss,200,0,False,0.7072330654420207,0.12837837837837837,0.091324200913242,0.3676661900969038,0.308978548244547,0.432398753894081,0.5811320754716981,0.06934306569343066,0.04830917874396135,0.2848932676518883,0.23292810663636335,0.2848932676518883,0.9032258064516129,0.8636363636363636,0.8333333333333334,0.870563252098291,0.8667318344737699,0.896640826873385,0.8761001100110011
0,Random Forest,2,MultiLabel,log_loss,200,0,False,0.6731234866828087,0.09523809523809523,0.0963302752293578,0.34707013134817805,0.28823061905008723,0.4023136246786632,0.5245283018867924,0.051094890510948905,0.050724637681159424,0.2569786535303777,0.20878261002630027,0.2569786535303777,0.9391891891891891,0.7,0.9545454545454546,0.8906010578424371,0.8645782145782146,0.9260355029585798,0.8738998899889989
0,Random Forest,3,MultiLabel,log_loss,200,0,False,0.6929316338354577,0.07719298245614035,0.08275862068965517,0.3475225375555596,0.28429441232708447,0.4144030322173089,0.5630885122410546,0.040293040293040296,0.043478260869565216,0.26929392446633826,0.21561993780122002,0.26929392446633826,0.9006024096385542,0.9166666666666666,0.8571428571428571,0.8894310528532144,0.8914706444826926,0.8986301369863013,0.8745874587458746
0,Random Forest,4,MultiLabel,log_loss,200,0,False,0.7192575406032483,0.10380622837370242,0.0958904109589041,0.36942814822933656,0.30631805997861833,0.4354940213971051,0.583804143126177,0.054945054945054944,0.050724637681159424,0.28407224958949095,0.2298246119174638,0.28407224958949095,0.9365558912386707,0.9375,0.875,0.9158445634217849,0.9163519637462235,0.9326145552560647,0.8785753575357536
0,Random Forest,0,MultiLabel,gini,200,0,False,0.7335562987736901,0.1901639344262295,0.15824175824175823,0.41623740462681647,0.36065399714722596,0.4755582377791189,0.6195856873822976,0.10583941605839416,0.08716707021791767,0.32348111658456485,0.27086405788620316,0.32348111658456485,0.8989071038251366,0.9354838709677419,0.8571428571428571,0.8929739349559186,0.8971779439785785,0.89749430523918,0.8828382838283828
0,Random Forest,1,MultiLabel,gini,200,0,False,0.7417218543046358,0.22364217252396165,0.15789473684210525,0.4267314935185994,0.3744195878902343,0.48597014925373133,0.6339622641509434,0.12773722627737227,0.08695652173913043,0.3341543513957307,0.28288533738914867,0.3341543513957307,0.8936170212765957,0.8974358974358975,0.8571428571428571,0.88207848935236,0.8827319252851168,0.8905908096280087,0.8833883388338833
0,Random Forest,2,MultiLabel,gini,200,0,False,0.7400681044267877,0.19169329073482427,0.16263736263736264,0.4204367201472968,0.36479958593299155,0.47665251667677383,0.6150943396226415,0.10948905109489052,0.0893719806763285,0.3226600985221675,0.2713184571312868,0.3226600985221675,0.9287749287749287,0.7692307692307693,0.9024390243902439,0.8839324294889196,0.8668149074653139,0.9118329466357309,0.8833883388338833
0,Random Forest,3,MultiLabel,gini,200,0,False,0.7324561403508771,0.16,0.1545253863134658,0.40770748806247176,0.34899384222144764,0.4720720720720721,0.6290018832391714,0.08791208791208792,0.08454106280193237,0.3226600985221675,0.26715167798439726,0.3226600985221675,0.8766404199475065,0.8888888888888888,0.8974358974358975,0.8864541799649048,0.8876550687574309,0.8791946308724832,0.8816006600660066
0,Random Forest,4,MultiLabel,gini,200,0,False,0.760655737704918,0.22929936305732485,0.14222222222222222,0.4313521533956988,0.3773924409948217,0.49553305539011316,0.655367231638418,0.13186813186813187,0.07729468599033816,0.3415435139573071,0.28817668316562933,0.3415435139573071,0.90625,0.8780487804878049,0.8888888888888888,0.8940279696824062,0.8910625564588979,0.9023861171366594,0.8862761276127613
0,Random Forest,0,MultiLabel,entropy,200,0,False,0.6864608076009501,0.07692307692307693,0.08755760368663594,0.346263466531698,0.28364716273688767,0.4084507042253521,0.544256120527307,0.040145985401459854,0.04600484261501211,0.2619047619047619,0.210135649514593,0.2619047619047619,0.9292604501607717,0.9166666666666666,0.9047619047619048,0.9181203878232375,0.9168963405297811,0.9273255813953488,0.8748624862486248
0,Random Forest,1,MultiLabel,entropy,200,0,False,0.7072330654420207,0.12837837837837837,0.091324200913242,0.3676661900969038,0.308978548244547,0.432398753894081,0.5811320754716981,0.06934306569343066,0.04830917874396135,0.2848932676518883,0.23292810663636335,0.2848932676518883,0.9032258064516129,0.8636363636363636,0.8333333333333334,0.870563252098291,0.8667318344737699,0.896640826873385,0.8761001100110011
0,Random Forest,2,MultiLabel,entropy,200,0,False,0.6731234866828087,0.09523809523809523,0.0963302752293578,0.34707013134817805,0.28823061905008723,0.4023136246786632,0.5245283018867924,0.051094890510948905,0.050724637681159424,0.2569786535303777,0.20878261002630027,0.2569786535303777,0.9391891891891891,0.7,0.9545454545454546,0.8906010578424371,0.8645782145782146,0.9260355029585798,0.8738998899889989
0,Random Forest,3,MultiLabel,entropy,200,0,False,0.6929316338354577,0.07719298245614035,0.08275862068965517,0.3475225375555596,0.28429441232708447,0.4144030322173089,0.5630885122410546,0.040293040293040296,0.043478260869565216,0.26929392446633826,0.21561993780122002,0.26929392446633826,0.9006024096385542,0.9166666666666666,0.8571428571428571,0.8894310528532144,0.8914706444826926,0.8986301369863013,0.8745874587458746
0,Random Forest,4,MultiLabel,entropy,200,0,False,0.7192575406032483,0.10380622837370242,0.0958904109589041,0.36942814822933656,0.30631805997861833,0.4354940213971051,0.583804143126177,0.054945054945054944,0.050724637681159424,0.28407224958949095,0.2298246119174638,0.28407224958949095,0.9365558912386707,0.9375,0.875,0.9158445634217849,0.9163519637462235,0.9326145552560647,0.8785753575357536
0,Random Forest,0,MultiLabel,log_loss,300,0,False,0.6888361045130641,0.04964539007092199,0.0963302752293578,0.3441372841096835,0.27827058993778125,0.4076923076923077,0.5461393596986818,0.025547445255474453,0.05084745762711865,0.26108374384236455,0.20751142086042496,0.26108374384236455,0.932475884244373,0.875,0.9130434782608695,0.9129570205710189,0.9068397875017475,0.9298245614035088,0.875
0,Random Forest,1,MultiLabel,log_loss,300,0,False,0.7103448275862069,0.1288135593220339,0.091324200913242,0.36911813879557404,0.3101608626071609,0.43418590143480973,0.5830188679245283,0.06934306569343066,0.04830917874396135,0.2857142857142857,0.2335570374539734,0.2857142857142857,0.9088235294117647,0.9047619047619048,0.8333333333333334,0.8822506013899811,0.8823062558356676,0.9038961038961039,0.8766501650165016
0,Random Forest,2,MultiLabel,log_loss,300,0,False,0.6723507917174177,0.09523809523809523,0.10933940774487472,0.3511557245581672,0.2923094315667959,0.4041184041184041,0.5207547169811321,0.051094890510948905,0.057971014492753624,0.25779967159277506,0.20994020732827823,0.25779967159277506,0.9484536082474226,0.7,0.96,0.8964863812570887,0.8694845360824742,0.9345238095238095,0.8743124312431243
0,Random Forest,3,MultiLabel,log_loss,300,0,False,0.6967592592592593,0.07719298245614035,0.07816091954022988,0.34762846598263397,0.2840377204185432,0.4154040404040404,0.5668549905838042,0.040293040293040296,0.04106280193236715,0.27011494252873564,0.21607027760307052,0.27011494252873564,0.9039039039039038,0.9166666666666666,0.8095238095238095,0.8746845895860673,0.8766981266981265,0.8989071038251366,0.8747249724972497
0,Random Forest,4,MultiLabel,log_loss,300,0,False,0.7213872832369942,0.10380622837370242,0.0871559633027523,0.36738778042052883,0.30411649163781634,0.43522012578616354,0.5875706214689266,0.054945054945054944,0.04589371980676329,0.28407224958949095,0.22946979874024828,0.28407224958949095,0.9341317365269461,0.9375,0.8636363636363636,0.9109252107071124,0.9117560333877699,0.9301075268817204,0.8785753575357536
0,Random Forest,0,MultiLabel,gini,300,0,False,0.7371937639198218,0.2364217252396166,0.15418502202643172,0.42685374011001365,0.3759335037286234,0.4840840840840841,0.623352165725047,0.13503649635036497,0.0847457627118644,0.3308702791461412,0.28104480826242545,0.3308702791461412,0.9019073569482289,0.9487179487179487,0.8536585365853658,0.8960775862873429,0.9014279474171811,0.901565995525727,0.8843509350935094
0,Random Forest,1,MultiLabel,gini,300,0,False,0.75,0.21221864951768488,0.15384615384615385,0.42638769922836894,0.3720216011212796,0.48867699642431467,0.6452830188679245,0.12043795620437957,0.08454106280193237,0.3366174055829228,0.2834206792914122,0.3366174055829228,0.8952879581151832,0.8918918918918919,0.8536585365853658,0.8803740807272307,0.8802794621974802,0.8913043478260869,0.8836633663366337
0,Random Forest,2,MultiLabel,gini,300,0,False,0.7414965986394558,0.19745222929936307,0.16299559471365638,0.42247560288866237,0.3673148075508251,0.47878787878787876,0.6169811320754717,0.11313868613138686,0.0893719806763285,0.3243021346469622,0.27316393296106234,0.3243021346469622,0.9289772727272727,0.775,0.925,0.8929868263919989,0.8763257575757576,0.9143518518518519,0.8838008800880088
0,Random Forest,3,MultiLabel,gini,300,0,False,0.734065934065934,0.16666666666666666,0.16228070175438597,0.4125395907350794,0.3543377674956622,0.47539015606242496,0.6290018832391714,0.09157509157509157,0.0893719806763285,0.3251231527093596,0.2699829851635305,0.3251231527093596,0.8812664907651715,0.9259259259259259,0.8809523809523809,0.8911695977737024,0.8960482658811594,0.8839285714285714,0.8824257425742574
0,Random Forest,4,MultiLabel,gini,300,0,False,0.7633587786259542,0.23492063492063492,0.12134831460674157,0.4266954409120739,0.3732092427177769,0.4937388193202147,0.6591337099811676,0.13553113553113552,0.06521739130434782,0.3399014778325123,0.28662741227221694,0.3399014778325123,0.9067357512953368,0.8809523809523809,0.8709677419354839,0.8887991207710297,0.8862186247277339,0.9019607843137255,0.8861386138613861
0,Random Forest,0,MultiLabel,entropy,300,0,False,0.6888361045130641,0.04964539007092199,0.0963302752293578,0.3441372841096835,0.27827058993778125,0.4076923076923077,0.5461393596986818,0.025547445255474453,0.05084745762711865,0.26108374384236455,0.20751142086042496,0.26108374384236455,0.932475884244373,0.875,0.9130434782608695,0.9129570205710189,0.9068397875017475,0.9298245614035088,0.875
0,Random Forest,1,MultiLabel,entropy,300,0,False,0.7103448275862069,0.1288135593220339,0.091324200913242,0.36911813879557404,0.3101608626071609,0.43418590143480973,0.5830188679245283,0.06934306569343066,0.04830917874396135,0.2857142857142857,0.2335570374539734,0.2857142857142857,0.9088235294117647,0.9047619047619048,0.8333333333333334,0.8822506013899811,0.8823062558356676,0.9038961038961039,0.8766501650165016
0,Random Forest,2,MultiLabel,entropy,300,0,False,0.6723507917174177,0.09523809523809523,0.10933940774487472,0.3511557245581672,0.2923094315667959,0.4041184041184041,0.5207547169811321,0.051094890510948905,0.057971014492753624,0.25779967159277506,0.20994020732827823,0.25779967159277506,0.9484536082474226,0.7,0.96,0.8964863812570887,0.8694845360824742,0.9345238095238095,0.8743124312431243
0,Random Forest,3,MultiLabel,entropy,300,0,False,0.6967592592592593,0.07719298245614035,0.07816091954022988,0.34762846598263397,0.2840377204185432,0.4154040404040404,0.5668549905838042,0.040293040293040296,0.04106280193236715,0.27011494252873564,0.21607027760307052,0.27011494252873564,0.9039039039039038,0.9166666666666666,0.8095238095238095,0.8746845895860673,0.8766981266981265,0.8989071038251366,0.8747249724972497
0,Random Forest,4,MultiLabel,entropy,300,0,False,0.7213872832369942,0.10380622837370242,0.0871559633027523,0.36738778042052883,0.30411649163781634,0.43522012578616354,0.5875706214689266,0.054945054945054944,0.04589371980676329,0.28407224958949095,0.22946979874024828,0.28407224958949095,0.9341317365269461,0.9375,0.8636363636363636,0.9109252107071124,0.9117560333877699,0.9301075268817204,0.8785753575357536
0,Random Forest,0,MultiLabel,log_loss,400,0,False,0.6888361045130641,0.04964539007092199,0.09195402298850575,0.3426533824877853,0.2768118391908306,0.40667094291212313,0.5461393596986818,0.025547445255474453,0.048426150121065374,0.2602627257799672,0.2067043183584072,0.2602627257799672,0.932475884244373,0.875,0.9090909090909091,0.9116167815995957,0.9055222644450941,0.9296187683284457,0.8747249724972497
0,Random Forest,1,MultiLabel,log_loss,400,0,False,0.711825487944891,0.13468013468013468,0.08695652173913043,0.36959759073329157,0.3111540481213853,0.43489096573208724,0.5849056603773585,0.072992700729927,0.04589371980676329,0.28653530377668307,0.23459736030468292,0.28653530377668307,0.9090909090909091,0.8695652173913043,0.8260869565217391,0.8719860848796381,0.8682476943346509,0.9018087855297158,0.8766501650165016
0,Random Forest,2,MultiLabel,log_loss,400,0,False,0.675577156743621,0.08873720136518772,0.1050228310502283,0.3496299986067119,0.2897790630530123,0.4041184041184041,0.5245283018867924,0.04744525547445255,0.05555555555555555,0.25779967159277506,0.20917637097226685,0.25779967159277506,0.9488054607508533,0.6842105263157895,0.9583333333333334,0.8925210003353682,0.863783106799992,0.9345238095238095,0.8743124312431243
0,Random Forest,3,MultiLabel,log_loss,400,0,False,0.6967592592592593,0.0636042402826855,0.07373271889400922,0.3430775614827255,0.27803207281198467,0.41239721695129666,0.5668549905838042,0.03296703296703297,0.03864734299516908,0.2676518883415435,0.21282312218200206,0.2676518883415435,0.9039039039039038,0.9,0.8,0.8677118004704212,0.8679679679679678,0.8980716253443526,0.8743124312431243
0,Random Forest,4,MultiLabel,log_loss,400,0,False,0.7197231833910035,0.11683848797250859,0.0871559633027523,0.36958332217114714,0.30790587822208815,0.4366373902132999,0.5875706214689266,0.06227106227106227,0.04589371980676329,0.2857142857142857,0.23191180118225072,0.2857142857142857,0.9285714285714286,0.9444444444444444,0.8636363636363636,0.9100576489739051,0.9122174122174123,0.925531914893617,0.8785753575357536
0,Random Forest,0,MultiLabel,gini,400,0,False,0.7366071428571429,0.19607843137254902,0.15859030837004406,0.41901615797212605,0.36375862753324534,0.4782608695652174,0.6214689265536724,0.10948905109489052,0.08716707021791767,0.3251231527093596,0.27270834928882687,0.3251231527093596,0.9041095890410958,0.9375,0.8780487804878049,0.9027843498540931,0.9065527898429669,0.9041095890410958,0.8835258525852585
0,Random Forest,1,MultiLabel,gini,400,0,False,0.748898678414097,0.21794871794871795,0.16593886462882096,0.4313078310621937,0.37759542033054533,0.49106078665077474,0.6415094339622641,0.12408759124087591,0.09178743961352658,0.33825944170771755,0.2857948216055555,0.33825944170771755,0.8994708994708994,0.8947368421052632,0.8636363636363636,0.8862257192133607,0.8859480350708421,0.8956521739130435,0.884075907590759
0,Random Forest,2,MultiLabel,gini,400,0,False,0.7400681044267877,0.20447284345047922,0.16299559471365638,0.4234333585082779,0.3691788475303078,0.47936893203883496,0.6150943396226415,0.11678832116788321,0.0893719806763285,0.3243021346469622,0.2737515471556177,0.3243021346469622,0.9287749287749287,0.8205128205128205,0.925,0.9031372948039615,0.8914292497625831,0.9186046511627907,0.8838008800880088
0,Random Forest,3,MultiLabel,gini,400,0,False,0.7326732673267327,0.1605351170568562,0.1782608695652174,0.4159898127315409,0.3571564179829354,0.47721822541966424,0.6271186440677966,0.08791208791208792,0.09903381642512077,0.32676518883415434,0.2713548494683351,0.32676518883415434,0.8809523809523809,0.9230769230769231,0.8913043478260869,0.8939127375087965,0.8984445506184636,0.8844444444444445,0.8827007700770076
0,Random Forest,4,MultiLabel,gini,400,0,False,0.7641921397379913,0.23492063492063492,0.11711711711711711,0.4256205632353803,0.37207663059191437,0.493134328358209,0.6591337099811676,0.13553113553113552,0.06280193236714976,0.3390804597701149,0.28582225929315097,0.3390804597701149,0.9090909090909091,0.8809523809523809,0.8666666666666667,0.888363934915659,0.8855699855699856,0.9037199124726477,0.8861386138613861
0,Random Forest,0,MultiLabel,entropy,400,0,False,0.6888361045130641,0.04964539007092199,0.09195402298850575,0.3426533824877853,0.2768118391908306,0.40667094291212313,0.5461393596986818,0.025547445255474453,0.048426150121065374,0.2602627257799672,0.2067043183584072,0.2602627257799672,0.932475884244373,0.875,0.9090909090909091,0.9116167815995957,0.9055222644450941,0.9296187683284457,0.8747249724972497
0,Random Forest,1,MultiLabel,entropy,400,0,False,0.711825487944891,0.13468013468013468,0.08695652173913043,0.36959759073329157,0.3111540481213853,0.43489096573208724,0.5849056603773585,0.072992700729927,0.04589371980676329,0.28653530377668307,0.23459736030468292,0.28653530377668307,0.9090909090909091,0.8695652173913043,0.8260869565217391,0.8719860848796381,0.8682476943346509,0.9018087855297158,0.8766501650165016
0,Random Forest,2,MultiLabel,entropy,400,0,False,0.675577156743621,0.08873720136518772,0.1050228310502283,0.3496299986067119,0.2897790630530123,0.4041184041184041,0.5245283018867924,0.04744525547445255,0.05555555555555555,0.25779967159277506,0.20917637097226685,0.25779967159277506,0.9488054607508533,0.6842105263157895,0.9583333333333334,0.8925210003353682,0.863783106799992,0.9345238095238095,0.8743124312431243
0,Random Forest,3,MultiLabel,entropy,400,0,False,0.6967592592592593,0.0636042402826855,0.07373271889400922,0.3430775614827255,0.27803207281198467,0.41239721695129666,0.5668549905838042,0.03296703296703297,0.03864734299516908,0.2676518883415435,0.21282312218200206,0.2676518883415435,0.9039039039039038,0.9,0.8,0.8677118004704212,0.8679679679679678,0.8980716253443526,0.8743124312431243
0,Random Forest,4,MultiLabel,entropy,400,0,False,0.7197231833910035,0.11683848797250859,0.0871559633027523,0.36958332217114714,0.30790587822208815,0.4366373902132999,0.5875706214689266,0.06227106227106227,0.04589371980676329,0.2857142857142857,0.23191180118225072,0.2857142857142857,0.9285714285714286,0.9444444444444444,0.8636363636363636,0.9100576489739051,0.9122174122174123,0.925531914893617,0.8785753575357536
0,Random Forest,0,MultiLabel,log_loss,500,0,False,0.6888361045130641,0.04964539007092199,0.0963302752293578,0.3441372841096835,0.27827058993778125,0.4076923076923077,0.5461393596986818,0.025547445255474453,0.05084745762711865,0.26108374384236455,0.20751142086042496,0.26108374384236455,0.932475884244373,0.875,0.9130434782608695,0.9129570205710189,0.9068397875017475,0.9298245614035088,0.875
0,Random Forest,1,MultiLabel,log_loss,500,0,False,0.7088607594936709,0.13468013468013468,0.08695652173913043,0.3683075200607574,0.310165805304312,0.4329382407985028,0.5811320754716981,0.072992700729927,0.04589371980676329,0.2848932676518883,0.2333394986694628,0.2848932676518883,0.9085545722713865,0.8695652173913043,0.8260869565217391,0.871752703504969,0.8680689153948099,0.9012987012987013,0.8763751375137514
0,Random Forest,2,MultiLabel,log_loss,500,0,False,0.6739659367396593,0.09523809523809523,0.10933940774487472,0.35185853807359246,0.29284781324087644,0.40514469453376206,0.5226415094339623,0.051094890510948905,0.057971014492753624,0.25862068965517243,0.2105691381458883,0.25862068965517243,0.9486301369863014,0.7,0.96,0.8965631958971589,0.8695433789954338,0.9347181008902077,0.8744499449944995
0,Random Forest,3,MultiLabel,log_loss,500,0,False,0.6883720930232559,0.07042253521126761,0.08256880733944955,0.3439527255718859,0.28045447852465766,0.41012658227848103,0.5574387947269304,0.03663003663003663,0.043478260869565216,0.2660098522167488,0.21251569740884405,0.2660098522167488,0.8996960486322189,0.9090909090909091,0.8181818181818182,0.8740949858233162,0.8756562586349821,0.8950276243093923,0.8740374037403741
0,Random Forest,4,MultiLabel,log_loss,500,0,False,0.7278989667049368,0.11643835616438356,0.0871559633027523,0.3730579567820506,0.3104977620573576,0.44152595372107567,0.5969868173258004,0.06227106227106227,0.04589371980676329,0.28981937602627256,0.23505053313454197,0.28981937602627256,0.9323529411764706,0.8947368421052632,0.8636363636363636,0.9005648802995871,0.8969087156393658,0.926509186351706,0.8794004400440044
0,Random Forest,0,MultiLabel,gini,500,0,False,0.7427937915742794,0.20195439739413681,0.16630196936542668,0.4256500177010321,0.3703500527779476,0.4849939975990396,0.6308851224105462,0.11313868613138686,0.09200968523002422,0.33169129720853857,0.2786778312573191,0.33169129720853857,0.9029649595687331,0.9393939393939394,0.8636363636363636,0.8978244261960222,0.9019984208663455,0.9017857142857143,0.8844884488448845
0,Random Forest,1,MultiLabel,gini,500,0,False,0.751101321585903,0.21221864951768488,0.16993464052287582,0.43233542823057863,0.3777515372088212,0.4922526817640048,0.6433962264150943,0.12043795620437957,0.09420289855072464,0.3390804597701149,0.28601236039006617,0.3390804597701149,0.9021164021164021,0.8918918918918919,0.8666666666666667,0.8877668895731293,0.8868916535583202,0.8978260869565218,0.8842134213421342
0,Random Forest,2,MultiLabel,gini,500,0,False,0.7437641723356009,0.1870967741935484,0.16299559471365638,0.42113276164068514,0.3646188470809352,0.4787363304981774,0.6188679245283019,0.10583941605839416,0.0893719806763285,0.32348111658456485,0.2713597737543415,0.32348111658456485,0.9318181818181818,0.8055555555555556,0.925,0.9010967640277984,0.8874579124579126,0.9205607476635514,0.8838008800880088
0,Random Forest,3,MultiLabel,gini,500,0,False,0.734065934065934,0.15436241610738255,0.1782608695652174,0.41521342412670476,0.35556307324617803,0.47721822541966424,0.6290018832391714,0.08424908424908426,0.09903381642512077,0.32676518883415434,0.27076159463779215,0.32676518883415434,0.8812664907651715,0.92,0.8913043478260869,0.8933600218360477,0.8975236128637528,0.8844444444444445,0.8827007700770076
0,Random Forest,4,MultiLabel,gini,500,0,False,0.7655398037077427,0.24050632911392406,0.11711711711711711,0.42746005755615685,0.3743877499795946,0.4949314251639833,0.6610169491525424,0.1391941391941392,0.06280193236714976,0.34072249589490966,0.28767100690461045,0.34072249589490966,0.9093264248704663,0.8837209302325582,0.8666666666666667,0.8890871474217618,0.8865713405898971,0.9041394335511983,0.8864136413641364
0,Random Forest,0,MultiLabel,entropy,500,0,False,0.6888361045130641,0.04964539007092199,0.0963302752293578,0.3441372841096835,0.27827058993778125,0.4076923076923077,0.5461393596986818,0.025547445255474453,0.05084745762711865,0.26108374384236455,0.20751142086042496,0.26108374384236455,0.932475884244373,0.875,0.9130434782608695,0.9129570205710189,0.9068397875017475,0.9298245614035088,0.875
0,Random Forest,1,MultiLabel,entropy,500,0,False,0.7088607594936709,0.13468013468013468,0.08695652173913043,0.3683075200607574,0.310165805304312,0.4329382407985028,0.5811320754716981,0.072992700729927,0.04589371980676329,0.2848932676518883,0.2333394986694628,0.2848932676518883,0.9085545722713865,0.8695652173913043,0.8260869565217391,0.871752703504969,0.8680689153948099,0.9012987012987013,0.8763751375137514
0,Random Forest,2,MultiLabel,entropy,500,0,False,0.6739659367396593,0.09523809523809523,0.10933940774487472,0.35185853807359246,0.29284781324087644,0.40514469453376206,0.5226415094339623,0.051094890510948905,0.057971014492753624,0.25862068965517243,0.2105691381458883,0.25862068965517243,0.9486301369863014,0.7,0.96,0.8965631958971589,0.8695433789954338,0.9347181008902077,0.8744499449944995
0,Random Forest,3,MultiLabel,entropy,500,0,False,0.6883720930232559,0.07042253521126761,0.08256880733944955,0.3439527255718859,0.28045447852465766,0.41012658227848103,0.5574387947269304,0.03663003663003663,0.043478260869565216,0.2660098522167488,0.21251569740884405,0.2660098522167488,0.8996960486322189,0.9090909090909091,0.8181818181818182,0.8740949858233162,0.8756562586349821,0.8950276243093923,0.8740374037403741
0,Random Forest,4,MultiLabel,entropy,500,0,False,0.7278989667049368,0.11643835616438356,0.0871559633027523,0.3730579567820506,0.3104977620573576,0.44152595372107567,0.5969868173258004,0.06227106227106227,0.04589371980676329,0.28981937602627256,0.23505053313454197,0.28981937602627256,0.9323529411764706,0.8947368421052632,0.8636363636363636,0.9005648802995871,0.8969087156393658,0.926509186351706,0.8794004400440044
0,Random Forest,0,MultiLabel,log_loss,600,0,False,0.6911242603550296,0.05653710247349823,0.10933940774487472,0.3510963248972845,0.2856669235244675,0.4135290363752393,0.5499058380414312,0.029197080291970802,0.05811138014527845,0.2660098522167488,0.21240476615956017,0.2660098522167488,0.9299363057324841,0.8888888888888888,0.9230769230769231,0.9183764393516205,0.9139673725660987,0.9283667621776505,0.8756875687568757
0,Random Forest,1,MultiLabel,log_loss,600,0,False,0.7088607594936709,0.12837837837837837,0.09567198177676538,0.3698522813324319,0.3109703732162716,0.4339152119700748,0.5811320754716981,0.06934306569343066,0.050724637681159424,0.2857142857142857,0.23373325961542937,0.2857142857142857,0.9085545722713865,0.8636363636363636,0.84,0.8751480188343174,0.87073031196925,0.9015544041450777,0.8765126512651266
0,Random Forest,2,MultiLabel,log_loss,600,0,False,0.6787878787878788,0.09523809523809523,0.1050228310502283,0.3524895450801383,0.2930162683587341,0.4071933204881182,0.5283018867924528,0.051094890510948905,0.05555555555555555,0.2602627257799672,0.21165077761965245,0.2602627257799672,0.9491525423728814,0.7,0.9583333333333334,0.896224012690991,0.8691619585687382,0.9351032448377581,0.8747249724972497
0,Random Forest,3,MultiLabel,log_loss,600,0,False,0.6982658959537572,0.0636042402826855,0.07373271889400922,0.34373439570668146,0.278534285043484,0.4134007585335019,0.568738229755179,0.03296703296703297,0.03864734299516908,0.2684729064039409,0.21345086857246032,0.2684729064039409,0.9041916167664671,0.9,0.8,0.8678372319400609,0.8680638722554891,0.8983516483516484,0.8744499449944995
0,Random Forest,4,MultiLabel,log_loss,600,0,False,0.7241379310344828,0.11683848797250859,0.08275862068965517,0.37001331491077377,0.3079116798988822,0.43859649122807015,0.5932203389830508,0.06227106227106227,0.043478260869565216,0.28735632183908044,0.23298988737455942,0.28735632183908044,0.9292035398230089,0.9444444444444444,0.8571428571428571,0.908126072115348,0.9102636138034369,0.9259259259259259,0.8788503850385039
0,Random Forest,0,MultiLabel,gini,600,0,False,0.7422222222222222,0.2077922077922078,0.16666666666666666,0.426837765409194,0.37222703222703224,0.4855769230769231,0.6290018832391714,0.11678832116788321,0.09200968523002422,0.33169129720853857,0.27926662987902623,0.33169129720853857,0.9051490514905149,0.9411764705882353,0.8837209302325582,0.9059878846212532,0.9100154841037694,0.905829596412556,0.8844884488448845
0,Random Forest,1,MultiLabel,gini,600,0,False,0.7552140504939627,0.21153846153846154,0.1615720524017467,0.43112956889791615,0.3761081881447237,0.4925639500297442,0.6490566037735849,0.12043795620437957,0.0893719806763285,0.3399014778325123,0.2862888468847643,0.3399014778325123,0.9028871391076115,0.868421052631579,0.8409090909090909,0.8740672543386293,0.8707390942160939,0.8941684665226782,0.8844884488448845
0,Random Forest,2,MultiLabel,gini,600,0,False,0.7394766780432309,0.1870967741935484,0.16703296703296702,0.4206394120226543,0.36453547308991546,0.4768856447688564,0.6132075471698113,0.10583941605839416,0.09178743961352658,0.3218390804597701,0.27027813428057734,0.3218390804597701,0.9312320916905444,0.8055555555555556,0.926829268292683,0.9014635040159126,0.8878723051795943,0.92018779342723,0.8835258525852585
0,Random Forest,3,MultiLabel,gini,600,0,False,0.7324561403508771,0.17880794701986755,0.16630196936542668,0.4159259403776899,0.3591886855787238,0.47755834829443444,0.6290018832391714,0.0989010989010989,0.09178743961352658,0.3275862068965517,0.27323014058459894,0.3275862068965517,0.8766404199475065,0.9310344827586207,0.8837209302325582,0.8912388685562467,0.897131944312895,0.8807947019867549,0.8825632563256326
0,Random Forest,4,MultiLabel,gini,600,0,False,0.7636761487964989,0.23492063492063492,0.1297539149888143,0.4296908777911686,0.3761168995686494,0.49522673031026254,0.6572504708097928,0.13553113553113552,0.07004830917874397,0.34072249589490966,0.28760997183989073,0.34072249589490966,0.9112271540469974,0.8809523809523809,0.8787878787878788,0.8934152714426414,0.890322471262419,0.9061135371179039,0.8865511551155115
0,Random Forest,0,MultiLabel,entropy,600,0,False,0.6911242603550296,0.05653710247349823,0.10933940774487472,0.3510963248972845,0.2856669235244675,0.4135290363752393,0.5499058380414312,0.029197080291970802,0.05811138014527845,0.2660098522167488,0.21240476615956017,0.2660098522167488,0.9299363057324841,0.8888888888888888,0.9230769230769231,0.9183764393516205,0.9139673725660987,0.9283667621776505,0.8756875687568757
0,Random Forest,1,MultiLabel,entropy,600,0,False,0.7088607594936709,0.12837837837837837,0.09567198177676538,0.3698522813324319,0.3109703732162716,0.4339152119700748,0.5811320754716981,0.06934306569343066,0.050724637681159424,0.2857142857142857,0.23373325961542937,0.2857142857142857,0.9085545722713865,0.8636363636363636,0.84,0.8751480188343174,0.87073031196925,0.9015544041450777,0.8765126512651266
0,Random Forest,2,MultiLabel,entropy,600,0,False,0.6787878787878788,0.09523809523809523,0.1050228310502283,0.3524895450801383,0.2930162683587341,0.4071933204881182,0.5283018867924528,0.051094890510948905,0.05555555555555555,0.2602627257799672,0.21165077761965245,0.2602627257799672,0.9491525423728814,0.7,0.9583333333333334,0.896224012690991,0.8691619585687382,0.9351032448377581,0.8747249724972497
0,Random Forest,3,MultiLabel,entropy,600,0,False,0.6982658959537572,0.0636042402826855,0.07373271889400922,0.34373439570668146,0.278534285043484,0.4134007585335019,0.568738229755179,0.03296703296703297,0.03864734299516908,0.2684729064039409,0.21345086857246032,0.2684729064039409,0.9041916167664671,0.9,0.8,0.8678372319400609,0.8680638722554891,0.8983516483516484,0.8744499449944995
0,Random Forest,4,MultiLabel,entropy,600,0,False,0.7241379310344828,0.11683848797250859,0.08275862068965517,0.37001331491077377,0.3079116798988822,0.43859649122807015,0.5932203389830508,0.06227106227106227,0.043478260869565216,0.28735632183908044,0.23298988737455942,0.28735632183908044,0.9292035398230089,0.9444444444444444,0.8571428571428571,0.908126072115348,0.9102636138034369,0.9259259259259259,0.8788503850385039
0,Random Forest,0,MultiLabel,log_loss,700,0,False,0.6825208085612366,0.042704626334519574,0.10933940774487472,0.34423381967184585,0.2781882808802103,0.40614990390775146,0.5404896421845574,0.021897810218978103,0.05811138014527845,0.2602627257799672,0.206832944182938,0.2602627257799672,0.9258064516129032,0.8571428571428571,0.9230769230769231,0.9094344317687715,0.9020087439442278,0.924198250728863,0.8747249724972497
0,Random Forest,1,MultiLabel,log_loss,700,0,False,0.7058823529411765,0.12837837837837837,0.0871559633027523,0.36566165151218283,0.30713889820743573,0.43026891807379614,0.5773584905660377,0.06934306569343066,0.04589371980676329,0.2824302134646962,0.2308650920220772,0.2824302134646962,0.9080118694362018,0.8636363636363636,0.8636363636363636,0.8829459022848974,0.8784281989029764,0.9028871391076115,0.8759625962596259
0,Random Forest,2,MultiLabel,log_loss,700,0,False,0.6771844660194175,0.1016949152542373,0.10933940774487472,0.35471156697564077,0.29607292967284315,0.40821566110397944,0.5264150943396226,0.05474452554744526,0.057971014492753624,0.26108374384236455,0.21304354479327384,0.26108374384236455,0.9489795918367347,0.7142857142857143,0.96,0.8999289568043968,0.874421768707483,0.9352941176470588,0.8748624862486248
0,Random Forest,3,MultiLabel,log_loss,700,0,False,0.6967592592592593,0.0636042402826855,0.07373271889400922,0.3430775614827255,0.27803207281198467,0.41239721695129666,0.5668549905838042,0.03296703296703297,0.03864734299516908,0.2676518883415435,0.21282312218200206,0.2676518883415435,0.9039039039039038,0.9,0.8,0.8677118004704212,0.8679679679679678,0.8980716253443526,0.8743124312431243
0,Random Forest,4,MultiLabel,log_loss,700,0,False,0.7264367816091954,0.11683848797250859,0.07834101382488479,0.3695139720644334,0.3072054278021963,0.438871473354232,0.5951035781544256,0.06227106227106227,0.04106280193236715,0.28735632183908044,0.23281248078595165,0.28735632183908044,0.9321533923303835,0.9444444444444444,0.85,0.9069842238594146,0.9088659455916094,0.9283819628647215,0.878987898789879
0,Random Forest,0,MultiLabel,gini,700,0,False,0.7422222222222222,0.20195439739413681,0.16630196936542668,0.4254008359884357,0.37015952966059523,0.484375,0.6290018832391714,0.11313868613138686,0.09200968523002422,0.3308702791461412,0.27805008486686084,0.3308702791461412,0.9051490514905149,0.9393939393939394,0.8636363636363636,0.8987766042013309,0.9027264515069393,0.9035874439461884,0.8844884488448845
0,Random Forest,1,MultiLabel,gini,700,0,False,0.7521929824561403,0.21725239616613418,0.15384615384615385,0.42847433903414023,0.3744305108228095,0.49047619047619045,0.6471698113207547,0.12408759124087591,0.08454106280193237,0.33825944170771755,0.28526615512118764,0.33825944170771755,0.8979057591623036,0.8717948717948718,0.8536585365853658,0.8769921850362539,0.8744530558475138,0.8917748917748918,0.8839383938393839
0,Random Forest,2,MultiLabel,gini,700,0,False,0.7394766780432309,0.17532467532467533,0.16299559471365638,0.4166188642145543,0.35926564936052086,0.4741011578305911,0.6132075471698113,0.09854014598540146,0.0893719806763285,0.319376026272578,0.2670398912771804,0.319376026272578,0.9312320916905444,0.7941176470588235,0.925,0.8982686731445864,0.8834499129164559,0.9196217494089834,0.8831133113311331
0,Random Forest,3,MultiLabel,gini,700,0,False,0.7366120218579235,0.17275747508305647,0.16228070175438597,0.4150147658707287,0.3572167328984553,0.4784688995215311,0.6346516007532956,0.09523809523809523,0.0893719806763285,0.3284072249589491,0.2730872255559064,0.3284072249589491,0.8776041666666666,0.9285714285714286,0.8809523809523809,0.8901659262843069,0.8957093253968255,0.8810572687224669,0.8827007700770076
0,Random Forest,4,MultiLabel,gini,700,0,False,0.7623220153340635,0.24050632911392406,0.1258426966292135,0.4290230660057335,0.376223680359067,0.4946236559139785,0.655367231638418,0.1391941391941392,0.06763285024154589,0.3399014778325123,0.28739807369136766,0.3399014778325123,0.9109947643979057,0.8837209302325582,0.9032258064516129,0.9022409833495436,0.8993138336940256,0.9078947368421053,0.8865511551155115
0,Random Forest,0,MultiLabel,entropy,700,0,False,0.6825208085612366,0.042704626334519574,0.10933940774487472,0.34423381967184585,0.2781882808802103,0.40614990390775146,0.5404896421845574,0.021897810218978103,0.05811138014527845,0.2602627257799672,0.206832944182938,0.2602627257799672,0.9258064516129032,0.8571428571428571,0.9230769230769231,0.9094344317687715,0.9020087439442278,0.924198250728863,0.8747249724972497
0,Random Forest,1,MultiLabel,entropy,700,0,False,0.7058823529411765,0.12837837837837837,0.0871559633027523,0.36566165151218283,0.30713889820743573,0.43026891807379614,0.5773584905660377,0.06934306569343066,0.04589371980676329,0.2824302134646962,0.2308650920220772,0.2824302134646962,0.9080118694362018,0.8636363636363636,0.8636363636363636,0.8829459022848974,0.8784281989029764,0.9028871391076115,0.8759625962596259
0,Random Forest,2,MultiLabel,entropy,700,0,False,0.6771844660194175,0.1016949152542373,0.10933940774487472,0.35471156697564077,0.29607292967284315,0.40821566110397944,0.5264150943396226,0.05474452554744526,0.057971014492753624,0.26108374384236455,0.21304354479327384,0.26108374384236455,0.9489795918367347,0.7142857142857143,0.96,0.8999289568043968,0.874421768707483,0.9352941176470588,0.8748624862486248
0,Random Forest,3,MultiLabel,entropy,700,0,False,0.6967592592592593,0.0636042402826855,0.07373271889400922,0.3430775614827255,0.27803207281198467,0.41239721695129666,0.5668549905838042,0.03296703296703297,0.03864734299516908,0.2676518883415435,0.21282312218200206,0.2676518883415435,0.9039039039039038,0.9,0.8,0.8677118004704212,0.8679679679679678,0.8980716253443526,0.8743124312431243
0,Random Forest,4,MultiLabel,entropy,700,0,False,0.7264367816091954,0.11683848797250859,0.07834101382488479,0.3695139720644334,0.3072054278021963,0.438871473354232,0.5951035781544256,0.06227106227106227,0.04106280193236715,0.28735632183908044,0.23281248078595165,0.28735632183908044,0.9321533923303835,0.9444444444444444,0.85,0.9069842238594146,0.9088659455916094,0.9283819628647215,0.878987898789879
0,Random Forest,0,MultiLabel,log_loss,800,0,False,0.6879432624113475,0.04964539007092199,0.10933940774487472,0.34815918277380253,0.28230935340904806,0.41097638800255265,0.5480225988700564,0.025547445255474453,0.05811138014527845,0.264367816091954,0.21056047475693648,0.26436781609195403,0.9238095238095239,0.875,0.9230769230769231,0.9125809740341762,0.9072954822954823,0.9226361031518625,0.8751375137513752
0,Random Forest,1,MultiLabel,log_loss,800,0,False,0.7088607594936709,0.13468013468013468,0.0871559633027523,0.3683753105429737,0.3102322858255193,0.4332084893882647,0.5811320754716981,0.072992700729927,0.04589371980676329,0.2848932676518883,0.2333394986694628,0.2848932676518883,0.9085545722713865,0.8695652173913043,0.8636363636363636,0.8845158024749645,0.8805853844330181,0.9036458333333334,0.8763751375137514
0,Random Forest,2,MultiLabel,log_loss,800,0,False,0.6779661016949152,0.1016949152542373,0.10933940774487472,0.35505168758977357,0.29633347489800904,0.40897435897435896,0.5283018867924528,0.05474452554744526,0.057971014492753624,0.2619047619047619,0.2136724756108839,0.2619047619047619,0.9459459459459459,0.7142857142857143,0.96,0.8986088974266314,0.8734105534105533,0.9327485380116959,0.8748624862486248
0,Random Forest,3,MultiLabel,log_loss,800,0,False,0.6974595842956121,0.0636042402826855,0.08695652173913043,0.3478776657291816,0.282673448772476,0.416141235813367,0.568738229755179,0.03296703296703297,0.04589371980676329,0.270935960591133,0.2158663275096584,0.270935960591133,0.9014925373134328,0.9,0.8260869565217391,0.8755275347400927,0.8758598312783907,0.8967391304347826,0.8747249724972497
0,Random Forest,4,MultiLabel,log_loss,800,0,False,0.7241379310344828,0.1103448275862069,0.07834101382488479,0.36705628820512903,0.3042745908151915,0.4366373902132999,0.5932203389830508,0.05860805860805861,0.04106280193236715,0.2857142857142857,0.23096373317449218,0.2857142857142857,0.9292035398230089,0.9411764705882353,0.85,0.9049657275177387,0.9067933368037481,0.925531914893617,0.8785753575357536
0,Random Forest,0,MultiLabel,gini,800,0,False,0.7413984461709212,0.2077922077922078,0.16593886462882096,0.4262318480652932,0.37170983953064995,0.48470305938812236,0.6290018832391714,0.11678832116788321,0.09200968523002422,0.33169129720853857,0.27926662987902623,0.33169129720853857,0.9027027027027027,0.9411764705882353,0.8444444444444444,0.8916034840984131,0.8961078725784608,0.8997772828507795,0.8843509350935094
0,Random Forest,1,MultiLabel,gini,800,0,False,0.7508232711306256,0.2229299363057325,0.1615720524017467,0.43178158123261534,0.3784417532793683,0.4919786096256685,0.6452830188679245,0.12773722627737227,0.0893719806763285,0.3399014778325123,0.2874640752738751,0.3399014778325123,0.8976377952755905,0.875,0.8409090909090909,0.8732630501908264,0.8711822953948939,0.8903225806451613,0.8842134213421342
0,Random Forest,2,MultiLabel,gini,800,0,False,0.7372013651877133,0.18122977346278318,0.15894039735099338,0.41557882264499335,0.3591238453338299,0.4728823887873248,0.6113207547169811,0.10218978102189781,0.08695652173913043,0.3185550082101806,0.2668223524926698,0.3185550082101806,0.9283667621776505,0.8,0.9230769230769231,0.8976914861313636,0.8838145617515245,0.91725768321513,0.8828382838283828
0,Random Forest,3,MultiLabel,gini,800,0,False,0.7358078602620087,0.17275747508305647,0.16630196936542668,0.41603101790976,0.35828910157016397,0.47909199522102747,0.6346516007532956,0.09523809523809523,0.09178743961352658,0.32922824302134646,0.27389237853497245,0.32922824302134646,0.8753246753246753,0.9285714285714286,0.8837209302325582,0.8901131918831542,0.895872344709554,0.8793859649122807,0.8827007700770076
0,Random Forest,4,MultiLabel,gini,800,0,False,0.7609649122807017,0.24050632911392406,0.13392857142857142,0.4311798233502319,0.3784666042743991,0.49522673031026254,0.6534839924670434,0.1391941391941392,0.07246376811594203,0.34072249589490966,0.28838063325904156,0.34072249589490966,0.910761154855643,0.8837209302325582,0.8823529411764706,0.8950444210417846,0.892278342088224,0.9061135371179039,0.8865511551155115
0,Random Forest,0,MultiLabel,entropy,800,0,False,0.6879432624113475,0.04964539007092199,0.10933940774487472,0.34815918277380253,0.28230935340904806,0.41097638800255265,0.5480225988700564,0.025547445255474453,0.05811138014527845,0.264367816091954,0.21056047475693648,0.26436781609195403,0.9238095238095239,0.875,0.9230769230769231,0.9125809740341762,0.9072954822954823,0.9226361031518625,0.8751375137513752
0,Random Forest,1,MultiLabel,entropy,800,0,False,0.7088607594936709,0.13468013468013468,0.0871559633027523,0.3683753105429737,0.3102322858255193,0.4332084893882647,0.5811320754716981,0.072992700729927,0.04589371980676329,0.2848932676518883,0.2333394986694628,0.2848932676518883,0.9085545722713865,0.8695652173913043,0.8636363636363636,0.8845158024749645,0.8805853844330181,0.9036458333333334,0.8763751375137514
0,Random Forest,2,MultiLabel,entropy,800,0,False,0.6779661016949152,0.1016949152542373,0.10933940774487472,0.35505168758977357,0.29633347489800904,0.40897435897435896,0.5283018867924528,0.05474452554744526,0.057971014492753624,0.2619047619047619,0.2136724756108839,0.2619047619047619,0.9459459459459459,0.7142857142857143,0.96,0.8986088974266314,0.8734105534105533,0.9327485380116959,0.8748624862486248
0,Random Forest,3,MultiLabel,entropy,800,0,False,0.6974595842956121,0.0636042402826855,0.08695652173913043,0.3478776657291816,0.282673448772476,0.416141235813367,0.568738229755179,0.03296703296703297,0.04589371980676329,0.270935960591133,0.2158663275096584,0.270935960591133,0.9014925373134328,0.9,0.8260869565217391,0.8755275347400927,0.8758598312783907,0.8967391304347826,0.8747249724972497
0,Random Forest,4,MultiLabel,entropy,800,0,False,0.7241379310344828,0.1103448275862069,0.07834101382488479,0.36705628820512903,0.3042745908151915,0.4366373902132999,0.5932203389830508,0.05860805860805861,0.04106280193236715,0.2857142857142857,0.23096373317449218,0.2857142857142857,0.9292035398230089,0.9411764705882353,0.85,0.9049657275177387,0.9067933368037481,0.925531914893617,0.8785753575357536
0,Random Forest,0,MultiLabel,log_loss,900,0,False,0.6910377358490566,0.03571428571428571,0.11337868480725624,0.3477439645705748,0.2800435687901995,0.4117272147864882,0.551789077212806,0.01824817518248175,0.06053268765133172,0.2651888341543514,0.21018998001553982,0.2651888341543514,0.9242902208201893,0.8333333333333334,0.8928571428571429,0.8931703124703233,0.8834935656702219,0.9202279202279202,0.8754125412541254
0,Random Forest,1,MultiLabel,log_loss,900,0,False,0.7058823529411765,0.12837837837837837,0.09153318077803203,0.36714947420082467,0.30859797069919565,0.43125,0.5773584905660377,0.06934306569343066,0.04830917874396135,0.2832512315270936,0.23167024500114322,0.2832512315270936,0.9080118694362018,0.8636363636363636,0.8695652173913043,0.8849611284380547,0.8804044834879566,0.9031413612565445,0.8761001100110011
0,Random Forest,2,MultiLabel,log_loss,900,0,False,0.6747572815533981,0.09523809523809523,0.10933940774487472,0.35220288351799445,0.293111594845456,0.4059087989723828,0.5245283018867924,0.051094890510948905,0.057971014492753624,0.2594417077175698,0.21119806896349835,0.2594417077175698,0.9455782312925171,0.7,0.96,0.8952351909565139,0.8685260770975057,0.9321533923303835,0.8744499449944995
0,Random Forest,3,MultiLabel,log_loss,900,0,False,0.6967592592592593,0.07042253521126761,0.08256880733944955,0.3476091995220647,0.2832502006033255,0.4154040404040404,0.5668549905838042,0.03663003663003663,0.043478260869565216,0.27011494252873564,0.21565442936113532,0.27011494252873564,0.9039039039039038,0.9090909090909091,0.8181818181818182,0.8759294448949622,0.8770588770588771,0.8989071038251366,0.8747249724972497
0,Random Forest,4,MultiLabel,log_loss,900,0,False,0.7256027554535017,0.1103448275862069,0.07834101382488479,0.3676948939247506,0.30476286562153115,0.43761755485893417,0.5951035781544256,0.05860805860805861,0.04106280193236715,0.28653530377668307,0.23159147956495044,0.28653530377668307,0.9294117647058824,0.9411764705882353,0.85,0.9050565053607651,0.9068627450980392,0.9257294429708223,0.8787128712871287
0,Random Forest,0,MultiLabel,gini,900,0,False,0.7427937915742794,0.21359223300970873,0.1703056768558952,0.42962563194752645,0.37556390047996113,0.487717195925704,0.6308851224105462,0.12043795620437957,0.09443099273607748,0.3341543513957307,0.28191802378366776,0.3341543513957307,0.9029649595687331,0.9428571428571428,0.8666666666666667,0.8996310213523709,0.9041629230308476,0.9024390243902439,0.8847634763476347
0,Random Forest,1,MultiLabel,gini,900,0,False,0.7549234135667396,0.21725239616613418,0.16122004357298475,0.432168853677429,0.3777986177686195,0.49347568208778175,0.6509433962264151,0.12408759124087591,0.0893719806763285,0.3415435139573071,0.2881343227145398,0.3415435139573071,0.8984375,0.8717948717948718,0.8222222222222222,0.8665383168077134,0.8641515313390314,0.8888888888888888,0.8844884488448845
0,Random Forest,2,MultiLabel,gini,900,0,False,0.7386363636363636,0.18122977346278318,0.15077605321507762,0.41342817461996506,0.3568807301047415,0.4719512195121951,0.6132075471698113,0.10218978102189781,0.0821256038647343,0.31773399014778325,0.2658409773521478,0.31773399014778325,0.9285714285714286,0.8,0.918918918918919,0.8963672328204348,0.8824967824967825,0.9170616113744076,0.8827007700770076
0,Random Forest,3,MultiLabel,gini,900,0,False,0.737186477644493,0.17275747508305647,0.15824175824175823,0.41389236308619715,0.35606190365643586,0.4781829049611476,0.6365348399246704,0.09523809523809523,0.08695652173913043,0.3284072249589491,0.2729098189672987,0.3284072249589491,0.8756476683937824,0.9285714285714286,0.8780487804878049,0.888326032051765,0.8940892924843387,0.8791208791208791,0.8825632563256326
0,Random Forest,4,MultiLabel,gini,900,0,False,0.7609649122807017,0.22364217252396165,0.13392857142857142,0.4273999261835162,0.3728452187444116,0.49252839210998206,0.6534839924670434,0.1282051282051282,0.07246376811594203,0.33825944170771755,0.28471762959603786,0.33825944170771755,0.910761154855643,0.875,0.8823529411764706,0.893089729782763,0.8893713653440378,0.9054945054945055,0.8861386138613861
0,Random Forest,0,MultiLabel,entropy,900,0,False,0.6910377358490566,0.03571428571428571,0.11337868480725624,0.3477439645705748,0.2800435687901995,0.4117272147864882,0.551789077212806,0.01824817518248175,0.06053268765133172,0.2651888341543514,0.21018998001553982,0.2651888341543514,0.9242902208201893,0.8333333333333334,0.8928571428571429,0.8931703124703233,0.8834935656702219,0.9202279202279202,0.8754125412541254
0,Random Forest,1,MultiLabel,entropy,900,0,False,0.7058823529411765,0.12837837837837837,0.09153318077803203,0.36714947420082467,0.30859797069919565,0.43125,0.5773584905660377,0.06934306569343066,0.04830917874396135,0.2832512315270936,0.23167024500114322,0.2832512315270936,0.9080118694362018,0.8636363636363636,0.8695652173913043,0.8849611284380547,0.8804044834879566,0.9031413612565445,0.8761001100110011
0,Random Forest,2,MultiLabel,entropy,900,0,False,0.6747572815533981,0.09523809523809523,0.10933940774487472,0.35220288351799445,0.293111594845456,0.4059087989723828,0.5245283018867924,0.051094890510948905,0.057971014492753624,0.2594417077175698,0.21119806896349835,0.2594417077175698,0.9455782312925171,0.7,0.96,0.8952351909565139,0.8685260770975057,0.9321533923303835,0.8744499449944995
0,Random Forest,3,MultiLabel,entropy,900,0,False,0.6967592592592593,0.07042253521126761,0.08256880733944955,0.3476091995220647,0.2832502006033255,0.4154040404040404,0.5668549905838042,0.03663003663003663,0.043478260869565216,0.27011494252873564,0.21565442936113532,0.27011494252873564,0.9039039039039038,0.9090909090909091,0.8181818181818182,0.8759294448949622,0.8770588770588771,0.8989071038251366,0.8747249724972497
0,Random Forest,4,MultiLabel,entropy,900,0,False,0.7256027554535017,0.1103448275862069,0.07834101382488479,0.3676948939247506,0.30476286562153115,0.43761755485893417,0.5951035781544256,0.05860805860805861,0.04106280193236715,0.28653530377668307,0.23159147956495044,0.28653530377668307,0.9294117647058824,0.9411764705882353,0.85,0.9050565053607651,0.9068627450980392,0.9257294429708223,0.8787128712871287
0,Random Forest,0,MultiLabel,log_loss,1000,0,False,0.69185360094451,0.042704626334519574,0.11337868480725624,0.3496721892796305,0.28264563736209525,0.4130019120458891,0.551789077212806,0.021897810218978103,0.06053268765133172,0.2660098522167488,0.21140652502770527,0.2660098522167488,0.9272151898734177,0.8571428571428571,0.8928571428571429,0.8998016491625023,0.8924050632911392,0.9230769230769231,0.8754125412541254
0,Random Forest,1,MultiLabel,log_loss,1000,0,False,0.7103448275862069,0.13468013468013468,0.0958904109589041,0.3719899389655442,0.31363845774174853,0.43613707165109034,0.5830188679245283,0.072992700729927,0.050724637681159424,0.28735632183908044,0.2355787354452049,0.28735632183908044,0.9088235294117647,0.8695652173913043,0.875,0.8884953531637542,0.884462915601023,0.9043927648578811,0.8767876787678768
0,Random Forest,2,MultiLabel,log_loss,1000,0,False,0.6731707317073171,0.1016949152542373,0.10933940774487472,0.35296503234065457,0.2947350182354764,0.40540540540540543,0.5207547169811321,0.05474452554744526,0.057971014492753624,0.25862068965517243,0.21115675234044365,0.25862068965517243,0.9517241379310345,0.7142857142857143,0.96,0.9011232174201428,0.8753366174055829,0.9375,0.8745874587458746
0,Random Forest,3,MultiLabel,log_loss,1000,0,False,0.6974595842956121,0.0636042402826855,0.08695652173913043,0.3478776657291816,0.282673448772476,0.416141235813367,0.568738229755179,0.03296703296703297,0.04589371980676329,0.270935960591133,0.2158663275096584,0.270935960591133,0.9014925373134328,0.9,0.8260869565217391,0.8755275347400927,0.8758598312783907,0.8967391304347826,0.8747249724972497
0,Random Forest,4,MultiLabel,log_loss,1000,0,False,0.7249712313003452,0.11683848797250859,0.08275862068965517,0.37037660098727043,0.3081894466541697,0.438871473354232,0.5932203389830508,0.06227106227106227,0.043478260869565216,0.28735632183908044,0.23298988737455942,0.28735632183908044,0.9319526627218935,0.9444444444444444,0.8571428571428571,0.909324581359443,0.911179988103065,0.9283819628647215,0.878987898789879
0,Random Forest,0,MultiLabel,gini,1000,0,False,0.7441860465116279,0.21359223300970873,0.16630196936542668,0.4288750212563677,0.3746934162955878,0.487717195925704,0.632768361581921,0.12043795620437957,0.09200968523002422,0.3341543513957307,0.28173866767210826,0.3341543513957307,0.9032258064516129,0.9428571428571428,0.8636363636363636,0.8987172237688684,0.9032397709817065,0.9024390243902439,0.8847634763476347
0,Random Forest,1,MultiLabel,gini,1000,0,False,0.7535596933187295,0.2229299363057325,0.1572052401746725,0.4314880208858881,0.3778982899330448,0.49258160237388726,0.6490566037735849,0.12773722627737227,0.08695652173913043,0.34072249589490966,0.2879167839300292,0.34072249589490966,0.8981723237597912,0.875,0.8181818181818182,0.8657706111001331,0.8637847139805365,0.8886509635974305,0.8844884488448845
0,Random Forest,2,MultiLabel,gini,1000,0,False,0.7400681044267877,0.1870967741935484,0.15486725663716813,0.4167616221042835,0.3606773784191681,0.47474132684114423,0.6150943396226415,0.10583941605839416,0.08454106280193237,0.32019704433497537,0.2684916061609894,0.32019704433497537,0.9287749287749287,0.8055555555555556,0.9210526315789473,0.8984308078379463,0.885127705303144,0.9176470588235294,0.8831133113311331
0,Random Forest,3,MultiLabel,gini,1000,0,False,0.7344262295081967,0.16666666666666666,0.16228070175438597,0.4126966653490708,0.35445786597641643,0.476361460203471,0.632768361581921,0.09157509157509157,0.0893719806763285,0.32676518883415434,0.271238477944447,0.32676518883415434,0.875,0.9259259259259259,0.8809523809523809,0.8884376547553888,0.8939594356261024,0.8785871964679912,0.8822882288228823
0,Random Forest,4,MultiLabel,gini,1000,0,False,0.76013143483023,0.23492063492063492,0.13392857142857142,0.42956449408835307,0.37632688039314544,0.49403341288782815,0.6534839924670434,0.13553113553113552,0.07246376811594203,0.3399014778325123,0.2871596320380403,0.3399014778325123,0.9083769633507853,0.8809523809523809,0.8823529411764706,0.8933844705963266,0.8905607618265456,0.9039301310043668,0.8862761276127613
0,Random Forest,0,MultiLabel,entropy,1000,0,False,0.69185360094451,0.042704626334519574,0.11337868480725624,0.3496721892796305,0.28264563736209525,0.4130019120458891,0.551789077212806,0.021897810218978103,0.06053268765133172,0.2660098522167488,0.21140652502770527,0.2660098522167488,0.9272151898734177,0.8571428571428571,0.8928571428571429,0.8998016491625023,0.8924050632911392,0.9230769230769231,0.8754125412541254
0,Random Forest,1,MultiLabel,entropy,1000,0,False,0.7103448275862069,0.13468013468013468,0.0958904109589041,0.3719899389655442,0.31363845774174853,0.43613707165109034,0.5830188679245283,0.072992700729927,0.050724637681159424,0.28735632183908044,0.2355787354452049,0.28735632183908044,0.9088235294117647,0.8695652173913043,0.875,0.8884953531637542,0.884462915601023,0.9043927648578811,0.8767876787678768
0,Random Forest,2,MultiLabel,entropy,1000,0,False,0.6731707317073171,0.1016949152542373,0.10933940774487472,0.35296503234065457,0.2947350182354764,0.40540540540540543,0.5207547169811321,0.05474452554744526,0.057971014492753624,0.25862068965517243,0.21115675234044365,0.25862068965517243,0.9517241379310345,0.7142857142857143,0.96,0.9011232174201428,0.8753366174055829,0.9375,0.8745874587458746
0,Random Forest,3,MultiLabel,entropy,1000,0,False,0.6974595842956121,0.0636042402826855,0.08695652173913043,0.3478776657291816,0.282673448772476,0.416141235813367,0.568738229755179,0.03296703296703297,0.04589371980676329,0.270935960591133,0.2158663275096584,0.270935960591133,0.9014925373134328,0.9,0.8260869565217391,0.8755275347400927,0.8758598312783907,0.8967391304347826,0.8747249724972497
0,Random Forest,4,MultiLabel,entropy,1000,0,False,0.7249712313003452,0.11683848797250859,0.08275862068965517,0.37037660098727043,0.3081894466541697,0.438871473354232,0.5932203389830508,0.06227106227106227,0.043478260869565216,0.28735632183908044,0.23298988737455942,0.28735632183908044,0.9319526627218935,0.9444444444444444,0.8571428571428571,0.909324581359443,0.911179988103065,0.9283819628647215,0.878987898789879
